iter	MultiClass
0	1.911245619
1	1.656344405
2	1.445132623
3	1.258343696
4	1.085335477
5	0.964066464
6	0.8482241194
7	0.7538391818
8	0.6834214003
9	0.6270041295
